{
  "project_info": {
    "project_number": "1097944835856",
    "firebase_url": "https://regional-fruitdex-default-rtdb.firebaseio.com",
    "project_id": "regional-fruitdex",
    "storage_bucket": "regional-fruitdex.appspot.com"
  },
  "client": [
    {
      "client_info": {
        "mobilesdk_app_id": "1:1097944835856:android:4b968b13e5e70df5646795",
        "android_client_info": {
          "package_name": "com.example.regionalfruitdexfirebase"
        }
      },
      "oauth_client": [
        {
          "client_id": "1097944835856-qvh9g1e995ev1c4uev3pn761fmp366qt.apps.googleusercontent.com",
          "client_type": 3
        }
      ],
      "api_key": [
        {
          "current_key": "AIzaSyCDMg9WCQlQoG-Jyc7RDcf9_8PWXJ9prf0"
        }
      ],
      "services": {
        "appinvite_service": {
          "other_platform_oauth_client": [
            {
              "client_id": "1097944835856-qvh9g1e995ev1c4uev3pn761fmp366qt.apps.googleusercontent.com",
              "client_type": 3
            }
          ]
        }
      }
    }
  ],
  "configuration_version": "1"
}